{"cameraMode":{"drawMode":0,"name":"Shaded","section":"Shading Mode"},"sceneLighting":true,"audioPlay":false,"sceneViewState":{"m_AlwaysRefresh":false,"showFog":true,"showSkybox":true,"showFlares":true,"showImageEffects":true,"showParticleSystems":true,"showVisualEffectGraphs":true,"m_FxEnabled":true},"in2DMode":false,"pivot":{"x":656.4523315429688,"y":289.8622741699219,"z":5.203486919403076},"rotation":{"x":0.009309698827564717,"y":-0.000005055067049397621,"z":0.0000014355266557686264,"w":0.9999602437019348},"size":317.25250244140627,"orthographic":false}